,mean,std,ev,synergy
A,36.83610976043201,18.867776168089776,1.325542694504243,
B,35.1203551715985,16.744495141249786,-0.39021189432926917,
C,36.315165830356335,18.726852415316227,0.8045987644285688,
D,36.604701577868425,18.76069032972484,1.0941345119406591,
E,37.42981721862749,19.654025341873343,1.9192501526997248,
F,35.54691220961279,15.499832480739554,0.036345143685025505,
G,34.46157776610359,17.435302080692388,-1.0489892998241785,
H,37.947711768821705,16.7506366292554,2.4371447028939386,
I,35.534805227154166,18.848103923802434,0.024238161226399768,
J,36.204736304016244,12.77584118098274,0.6941692380884774,
K,36.773869283145224,15.1085315987229,1.2633022172174577,
L,35.413305022410746,19.037341532821294,-0.09726204351701995,
M,36.99333934862336,17.82997494450219,1.482772282695592,
N,36.090885848178225,19.45179494626976,0.5803187822504583,
O,35.2040689628537,17.980228115168146,-0.30649810307406966,
P,36.22133035477028,17.509667311330478,0.7107632888425144,
Q,34.08550761664485,13.959867258499175,-1.4250594492829194,
R,36.458458647114725,19.875202587668397,0.9478915811869584,
S,41.834737024261244,21.213123579189045,6.324169958333478,
T,35.99928532237829,19.332895167281972,0.48871825645052525,
U,33.18424968684225,16.80193125076404,-2.3263173790855163,
V,33.08176270461487,15.37676712193434,-2.428804361312899,
W,34.29595648493202,14.473142224285716,-1.2146105809957461,
X,40.7264021040094,14.17100333682069,5.215835038081636,
Y,36.732045609214424,15.042851477680223,1.2214785432866577,
Z,42.37019042820515,15.863337183154092,6.859623362277382,
?,54.91919347490253,25.15108116397555,19.40862640897476,
??,74.49281336443022,23.415767651207812,38.98224629850245,0.16499348055292984
A?,57.615637386815365,25.261368141191568,22.1050703208876,1.3709012174085942
AA,32.773381663886305,16.345984596701904,-2.7371854020414617,-5.388270791049948
AB,37.43893817606117,17.738410757492918,1.928371110133405,0.9930403099584311
AC,38.87378993147899,19.641786354478597,3.363222865551222,1.2330814066184104
AD,38.680081537296616,19.322344762807017,3.1695144713688492,0.7498372649239471
AE,38.19872408559971,20.244416782112882,2.688157019671941,-0.5566358275320269
AF,36.784232816220786,15.419700799351402,1.27366575029302,-0.08822208789624852
AG,36.481732694163796,18.1431350800102,0.9711656282360295,0.694612233555965
AH,39.66646300306374,17.07812529574811,4.155895937135973,0.3932085397377918
AI,36.197132643463725,19.2251703671508,0.6865655775359585,-0.6632152781946843
AJ,38.120233207722556,12.371202380235937,2.60966614179479,0.5899542092020695
AK,38.40351662342884,15.123887296766455,2.892949557501076,0.30410464577937546
AL,38.23383323347108,20.1555979210193,2.723266167543315,1.494985516556092
AM,39.92300551016355,18.90561154988376,4.412438444235782,1.6041234670359472
AN,38.342052802656305,20.158902624057713,2.8314857367285384,0.9256242599738371
AO,35.281036994396544,18.039004984553916,-0.2295300715312223,-1.2485746629613956
AP,38.15239119207892,18.050424707556143,2.641824126151157,0.6055181428043994
AQ,36.194744622285654,14.144212345136552,0.6841775563578878,0.7836943111365642
AR,38.92763360717013,20.636187564148262,3.417066541242363,1.1436322655511617
AS,43.65968037940928,21.663383340613038,8.149113313481514,0.4994006606437935
AT,38.48934539409196,20.24582029331711,2.9787783281641964,1.1645173772094282
AU,33.602208886420954,16.826911429997715,-1.9083581795068127,-0.9075834949255395
AV,35.117089397089394,15.85139986140931,-0.3934776688383721,0.709783997970284
AW,35.69513473774882,14.509692142438176,0.18456767182105693,0.07363555831256008
AX,42.63023602503662,14.110303578502094,7.119668959108857,0.5782912265229783
AY,37.90511661390368,15.474277493529897,2.394549547975913,-0.1524716898149876
AZ,45.284492426667086,15.830860619627376,9.77392536073932,1.5887593039576942
B?,53.60001982967354,24.456303485950166,18.089452763745776,-0.9289617508997168
BB,31.838189803322514,13.576827578586995,-3.672377262605252,-2.891953473946714
BC,33.6767863593671,15.495468681719386,-1.8337807065606668,-2.2481675766599665
BD,35.329635718438624,17.1595527843619,-0.18093134748914252,-0.8848539651005325
BE,37.44571697427233,18.059555194254802,1.9351499083445631,0.40611164997410754
BF,33.433548975599216,12.838978775670846,-2.0770180903285507,-1.723151339684307
BG,32.83523857596722,15.035879461022976,-2.675328489960549,-1.2361272958071012
BH,36.14318739936493,14.61269465243637,0.632620333437167,-1.4143124751275025
BI,35.471477364219616,17.041558750014723,-0.03908970170814996,0.32688403139471944
BJ,35.815276663993586,12.165451198213178,0.3047095980658199,0.0007522543066116327
BK,36.56254159485333,14.593907130171464,1.0519745289255624,0.17888420603737387
BL,35.39163557858377,18.169062937430684,-0.11893148734399972,0.3685424505022894
BM,35.479486348537634,15.907080526131356,-0.031080717390132406,-1.1236411057564553
BN,34.40059056087282,17.055475613484226,-1.109976505054945,-1.3000833929761342
BO,35.79926057319891,16.615563477342832,0.28869350727114096,0.9854035046744798
BP,32.145112435832466,12.656171831755977,-3.3654546300953,-3.6860060246085453
BQ,32.955344543578846,11.977653283621585,-2.5552225223489202,-0.7399511787367317
BR,35.81436142400671,18.283080184437146,0.30379435807894595,-0.25388532877874326
BS,40.45389466843253,19.75354624401448,4.943327602504766,-0.9906304614994426
BT,34.41701173566388,16.979634945788366,-1.0935553302638894,-1.1920616923851455
BU,33.85223743678588,15.639249520385128,-1.658329629141889,1.0581996442728965
BV,30.94692187824338,12.368945001398183,-4.563645187684386,-1.7446289320422181
BW,33.24818863730536,13.180654100951857,-2.262378428622405,-0.6575559532973898
BX,39.437537853728536,13.049793374210614,3.9269707878007694,-0.8986523559515973
BY,36.65674531155475,13.752185501448903,1.1461782456269844,0.3149115966695959
BZ,41.710984841334266,15.410428908235879,6.2004177754065,-0.2689936925416134
C?,57.10324630459361,25.987767798672696,21.592679238665845,1.3794540652625145
CC,31.664078056551176,15.664876125479788,-3.84648900937659,-5.455686538233728
CD,36.3140469990448,18.83819269810259,0.8034799331170319,-1.095253343252196
CE,38.97796838281517,20.195330949252188,3.467401316887404,0.7435523997591105
CF,34.65252503413291,14.631784436780862,-0.8580420317948594,-1.6989859399084537
CG,32.2625616989506,15.330788337391501,-3.248005366977168,-3.003614831581558
CH,40.82084413498559,18.60340697697765,5.310277069057825,2.068533601735318
CI,37.380953563777176,19.505128806137368,1.8703864978494096,1.041549572194441
CJ,34.93021127601162,12.827874602853111,-0.5803557899161476,-2.079123792433194
CK,38.47381639870833,16.645567921228174,2.9632493327805633,0.8953483511345368
CL,35.67441618225194,19.08525462450059,0.16384911632417243,-0.5434876045873764
CM,36.226949554680985,17.280287202345704,0.7163824887532186,-1.5709885583709422
CN,36.6069794237091,19.866608678599608,1.0964123577813325,-0.2885051888976946
CO,37.31654628031306,18.849899713401356,1.805979214385296,1.3078785530307968
CP,36.081686373656865,17.673818488930806,0.5711193077290986,-0.9442427455419846
CQ,32.971563542052614,12.889287621567872,-2.5390035238751523,-1.9185428390208017
CR,36.98586418228082,20.271475035280144,1.4752971163530546,-0.2771932292624726
CS,42.32713728289782,21.647793459527204,6.816570216970057,-0.31219850579199004
CT,36.36231490270093,19.692223105032458,0.8517478367731641,-0.44156918410592993
CU,34.44239461774254,17.12752094738526,-1.0681724481852228,0.45354616647172463
CV,32.43143651183678,14.980162749998554,-3.0791305540909875,-1.4549249572066572
CW,32.334748726337395,12.246237339964617,-3.1758183395903714,-2.765806523023194
CX,40.17579295761699,14.295009036426068,4.665225891689225,-1.3552079108209796
CY,37.096274651725956,15.18517359486829,1.5857075857981897,-0.4403697219170368
CZ,40.860490432530334,14.995743826669342,5.349923366602567,-2.3142987601033838
D?,57.259780912158284,25.21410153916081,21.749213846230518,1.246452925315097
DD,32.28281947008153,16.079970051124583,-3.227747595846239,-5.416016619727557
DE,40.587022625755544,20.55121518363869,5.076455559827778,2.063070895187394
DF,35.390934569341326,15.510522093292474,-0.1196324965864406,-1.2501121522121252
DG,34.151640269518566,17.074107905092493,-1.3589267964092002,-1.4040720085256808
DH,37.97122500461453,16.86904287334244,2.460657938686765,-1.0706212761478326
DI,37.4164630667633,19.238839780046295,1.9058960008355328,0.7875233276684739
DJ,36.1148625391642,13.110538309721079,0.6042954732364336,-1.184008276792703
DK,36.17749824643442,14.77396410554772,0.6669311805066513,-1.6905055486514655
DL,35.73153268244496,19.221141900736093,0.2209656165171907,-0.7759068519064485
DM,36.860953336054955,17.96021017449589,1.3503862701271885,-1.2265205245090627
DN,36.718130474641825,19.89952793012234,1.2075634087140585,-0.4668898854770589
DO,37.086758308038185,18.46935123480274,1.5761912421104185,0.788554833243829
DP,35.98658155596486,17.55461513414436,0.4760144900370946,-1.328883310746079
DQ,33.4763662813797,13.044964036112258,-2.0342007845480694,-1.7032758472058092
DR,37.19113128220488,20.417424590186016,1.6805642162771122,-0.36146187685050535
DS,42.023373214059504,21.365447422032606,6.512806148131737,-0.9054983221423996
DT,35.77569017039311,19.053874643226447,0.2651231044653457,-1.3177296639258387
DU,34.752566517513756,17.260482514310723,-0.7580005484140102,0.47418231873084693
DV,32.79749849211136,15.111186450668304,-2.7130685738164075,-1.3783987244441676
DW,35.074913922617604,15.438075188202072,-0.43565314331016225,-0.31517707425507524
DX,40.515754577394965,14.351667639324358,5.005187511467199,-1.3047820385550963
DY,37.25319372092098,15.071285502803377,1.7426266549932166,-0.5729864002341003
DZ,41.7370084523945,15.736763424213175,6.226441386466732,-1.7273164877513096
E?,59.374398871755425,25.703553769247343,23.863831805827658,2.535955244153172
EE,34.67021474087694,18.65144254610025,-0.8403523250508229,-4.678852630450272
EF,37.68071618661002,16.6931996438824,2.170149120682254,0.21455382429750358
EG,36.388442193725034,18.409643061673698,0.8778751277972674,0.007614274921721176
EH,40.0014747532644,17.973584213865426,4.49090768733663,0.1345128317429669
EI,37.03037058488048,20.189855859315088,1.5198035189527133,-0.42368479497341127
EJ,37.80556427345063,13.060617114166687,2.2949972075228615,-0.31842218326534066
EK,38.77997096164631,16.16955631880154,3.269403895718547,0.08685152580136446
EL,38.513121591070025,20.65104598387731,3.0025545251422585,1.1805664159595537
EM,39.47584119407225,19.11464713413398,3.965274128144486,0.5632516927491693
EN,38.87182586146825,20.849246719449333,3.3612587955404862,0.8616898605903032
EO,36.25064076971429,19.125860923362115,0.7400737037865213,-0.8726783458391338
EP,38.81877277838746,18.941179623392017,3.3082057124596957,0.6781922709174566
EQ,34.84036286491816,14.532836151239698,-0.6702042010096037,-1.164394904426409
ER,40.2705627320973,21.767272889990053,4.75999566616953,1.892853932282847
ES,45.63174240859903,22.738421841742117,10.121175342671265,1.8777552316380621
ET,39.10222771688193,20.998109364367366,3.591660650954161,1.1836922418039109
EU,34.426672514814506,17.956525543589905,-1.0838945511132607,-0.6768273247274692
EV,36.150188182081955,17.064293448987968,0.6396211161541885,1.1491753247673628
EW,36.38616709793163,15.48934372137474,0.8756000320038666,0.17096046029988798
EX,43.391919301525824,14.835235799017966,7.881352235598058,0.7462670448166975
EY,37.57080734499857,15.476548420650506,2.060240279070804,-1.0804884169155784
EZ,45.391783492494554,16.703362424164656,9.881216426566787,1.1023429115896803
F?,51.980215472818095,23.573552061438583,16.46964840689033,-2.975323145769458
FF,35.34012873814148,14.066976646251364,-0.17043832778628598,-0.243128615156337
FG,33.77684633487773,14.192297330356856,-1.7337207310500347,-0.7210765749108816
FH,36.11777807971894,13.293399021243037,0.6072110137911721,-1.866278832787792
FI,36.21003940666756,16.071668702929294,0.6994723407397956,0.6388890358283703
FJ,35.16696829018806,11.098719005205844,-0.3435987757397072,-1.0741131575132101
FK,36.23863404689093,12.576983077732624,0.7280669809631632,-0.57158037993932
FL,36.076542729813085,16.949768984493282,0.5659756638853182,0.6268925637173126
FM,34.93952556993222,14.137770054231368,-0.5710414959955443,-2.090158922376162
FN,34.8389330667639,15.847664478983551,-0.6716339991638662,-1.28829792509935
FO,35.73902614673833,14.847460074007875,0.2284590808105662,0.49861204019961036
FP,33.08844592981619,12.570447216177856,-2.4221211361115778,-3.1692295686391176
FQ,33.5815961937781,11.178550678848477,-1.9289708721496694,-0.5402565665517756
FR,36.710087860318666,17.495239428682233,1.1995207943908994,0.21528406951891554
FS,39.758354138018504,17.972336774472197,4.247787072090738,-2.1127280299277658
FT,35.24442309115782,16.098774614900915,-0.2661439747699461,-0.7912073749054969
FU,34.345069747222254,14.260133236928679,-1.165497318705512,1.1244749166949788
FV,31.678221384565237,11.285545760449464,-3.832345681362529,-1.4398864637346556
FW,33.91786942889422,12.48282564856122,-1.5926976370335453,-0.41443219972282463
FX,40.9008746648457,13.140893205944732,5.390307598917936,0.1381274171512743
FY,36.91043523654797,12.748753885215558,1.399868170620202,0.14204448364851885
FZ,41.78077630234934,13.757097630935364,6.270209236421572,-0.6257592695408363
G?,53.335778438968255,24.32498597832508,17.82521137304049,-0.5344257361100944
GG,29.961031130979517,14.161737378387034,-5.549535934948249,-3.451557335299892
GH,36.59912022760597,15.803557127769377,1.088553161678206,-0.299602241391554
GI,35.73101719629954,18.72618072996544,0.2204501303717734,1.2452012689695522
GJ,34.87005756524534,12.113221836691839,-0.6405095006824268,-0.2856894389467257
GK,34.10306750942045,13.162714586295934,-1.407499556507318,-1.6218124739005972
GL,34.02082452036116,18.161917968978315,-1.4897425455666067,-0.3434912022254082
GM,34.48786508974432,16.03299839820147,-1.0227019761834484,-1.4564849590548619
GN,36.5804886051376,20.152660776851768,1.0699215392098367,1.538592056783557
GO,34.45135579298423,16.843237515171847,-1.0592112729435357,0.29627612995471253
GP,33.46577847797794,15.315334701303529,-2.0447885879498244,-1.7065625769681603
GQ,31.565150948402916,11.85022212453459,-3.94541611752485,-1.4713673684177522
GR,34.882155871895584,18.77845024934953,-0.6284111940321822,-0.527313475394962
GS,39.76581598835274,19.99816444505656,4.255248922424975,-1.0199317360843239
GT,33.544803454785765,17.528769230704782,-1.9657636111420018,-1.4054925677683485
GU,32.47556821903452,15.716903316030635,-3.034998846893245,0.34030783201644965
GV,31.082570376481478,13.68856980675988,-4.427996689446289,-0.9502030283092111
GW,32.914360612875505,13.788622273170882,-2.596206453052261,-0.33260657223233636
GX,38.21000270075125,12.79128036049407,2.6994356348234803,-1.467410103433977
GY,35.905021848596284,14.132840028181395,0.3944547826685181,0.2219655392060389
GZ,40.50755611444342,15.057841867778116,4.996989048515651,-0.8136450139375526
H?,56.6602173090169,24.76863270948986,21.149650243089134,-0.6961208687795661
HH,34.327283936346475,12.140104710624279,-1.183283129581291,-6.057572535369168
HI,37.99517119616894,17.02181312813467,2.4846041302411734,0.023221266120835082
HJ,37.037725301204816,11.540819345611244,1.5271582352770494,-1.6041557057053666
HK,38.64928114284552,14.241458847281173,3.1387140769177506,-0.5617328431936457
HL,36.817976860465365,16.585125235993225,1.3074097945375982,-1.0324728648393204
HM,38.704400388269555,16.077424559972034,3.1938333223417885,-0.7260836632477421
HN,37.46764861559802,17.35404758843707,1.9570815496702565,-1.0603819354741404
HO,38.32580785229282,16.29461631462249,2.8152407863650524,0.6845941865451834
HP,38.577509566144414,16.46355977059313,3.0669425002166477,-0.08096549151980525
HQ,34.99628093460528,11.494464588441414,-0.5142861313224856,-1.5263713849335048
HR,38.45613189022762,18.279107586231667,2.9455648242998507,-0.4394714597810463
HS,44.47570881767123,20.279997435357753,8.965141751743467,0.2038270905160502
HT,38.55528521470634,17.764902113013655,3.0447181487785713,0.11885518943410744
HU,35.610410530997314,14.363743426865256,0.09984346506954722,-0.010983858738875085
HV,33.89152702056258,12.265824901525622,-1.619040045365189,-1.6273803869462284
HW,37.703684979215815,14.219196121831798,2.1931179132880487,0.9705837913898563
HX,40.715854087828916,13.416116170396997,5.20528702190115,-2.447692719074425
HY,39.37604589114194,14.341231082777593,3.8654788252141756,0.20685557903357932
HZ,42.00133992876045,14.683589366263277,6.490772862832685,-2.805995202338636
I?,55.95911602751149,25.747484677248906,20.448548961583725,1.015684391382564
II,30.171519599201766,15.41759831801185,-5.339047466726001,-5.3875237891788
IJ,36.5309804718489,12.703263141289359,1.0204134059211327,0.30200600660625554
IK,37.257813466375296,15.591433390792211,1.7472464004475299,0.4597060220036724
IL,36.31664424040019,19.904409518422465,0.8060771744724207,0.8791010567630408
IM,37.9906364642749,18.58752652939116,2.4800693983471334,0.9730589544251416
IN,37.831097090442874,20.764150105946932,2.320530024515108,1.7159730810382499
IO,34.37038648809264,18.109340684456576,-1.1401805778351246,-0.8579206359874547
IP,36.883234651438094,18.123523528036856,1.372667585510328,0.6376661354414139
IQ,35.45062269801011,14.462607464092406,-0.05994436791765878,1.3408769201388608
IR,36.96955479665923,20.438417796978122,1.4589877307314651,0.486857988318107
IS,42.900499570974645,21.94152936142597,7.389932505046879,1.0415243854870013
IT,36.87144687920544,20.212368728361046,1.360879813277677,0.8479233956007519
IU,32.017452830632735,16.616568390822128,-3.4931142352950317,-1.1910350174359152
IV,34.08759782104152,16.227326656751572,-1.4229692448862465,0.9815969552002528
IW,34.20490824606633,14.382304033153078,-1.305658819861435,-0.11528640009208857
IX,41.65208439298399,14.190648917170577,6.141517327056221,0.901444127748185
IY,36.02538456232324,14.960258393136565,0.514817496395473,-0.7308992081175845
IZ,43.78950805496381,16.476981188846672,8.278940989036045,1.3950794655322625
J?,47.9219213195141,17.96705747490333,12.411354253586332,-7.691441393476907
JK,38.42480814639906,12.718801742294502,2.9142410804712924,0.9567696251653572
JL,34.56476565856575,12.445310079091547,-0.9458014073620191,-1.5427086019334766
JM,35.760900350957435,12.117119549848995,0.2503332850296687,-1.9266082357544008
JN,35.800706924337426,13.491831714620238,0.2901398584096597,-0.984348161929276
JO,37.29126315405519,12.384487430901778,1.7806960881274208,1.393024953113013
JP,35.4764800847349,11.769541466378456,-0.03408698119286413,-1.439019508123856
JQ,34.57387750122011,11.456338019311724,-0.9366895647076561,-0.2057993535132141
JR,35.40275524929245,13.338592352338354,-0.10781181663531925,-1.749872635910755
JS,39.89267081923673,14.781404768921428,4.382103753308961,-2.6362354431129944
JT,35.311113353533315,12.693605136152437,-0.1994537123944511,-1.3823412069334537
JU,36.16485395347652,12.415389621774857,0.6542868875487571,2.286435028545796
JV,33.991388380158206,11.295750621128539,-1.5191786857695604,0.21545643745486132
JW,35.58826848101586,11.297241846755673,0.07770141508809303,0.5981427579953618
JX,39.632123527539,12.016052921143864,4.121556461611235,-1.7884478145588787
JY,38.33677127889653,12.254006965589905,2.8262042129687615,0.9105564315936263
JZ,40.01975879396985,13.063794180421194,4.509191728042083,-3.0446008723237767
K?,52.569961550402404,23.080123659312964,17.059394484474637,-3.612534141717582
KL,36.47388319330097,16.12450909368,0.9633161273732043,-0.2027240463272335
KM,36.332195485916806,14.09270359390587,0.8216284199890396,-1.9244460799240102
KN,36.80530557674293,15.874800884642548,1.294738510815165,-0.548882488652751
KO,36.71333688209248,14.142366475951874,1.202769816164711,0.24596570202132284
KP,36.893912196353995,14.10707017851973,1.3833451304262283,-0.5907203756337438
KQ,35.01379283397804,12.177094162962506,-0.49677423194972903,-0.33501699988426736
KR,36.77395051008686,16.04628252512265,1.2633834441590963,-0.9478103542453198
KS,42.32072604521802,18.152120022419318,6.81015897929025,-0.7773131962606854
KT,35.69114197459182,15.08120969133915,0.180574908664056,-1.571445565003927
KU,35.097098648630514,13.150399394209632,-0.4134684172972527,0.6495467445708059
KV,33.0619577323415,11.319103268418619,-2.448609333586269,-1.2831071894908277
KW,36.5085094027784,13.79411817352636,0.9979423368506346,0.949250700628923
KX,39.17263317026057,11.596835592892566,3.6620661043328013,-2.8170711509662922
KY,38.76439619638412,12.776424330423147,3.253829130456353,0.7690483699522375
KZ,41.627754056362086,13.53750426985262,6.11718699043432,-2.0057385890605204
L?,57.02116469079253,25.059892235103753,21.510597624864765,2.1992332594070234
LL,30.358752660592664,16.27324148586629,-5.151814405335102,-4.957290318301062
LM,35.90098406934587,17.83062477906014,0.3904170034181007,-0.9950932357604714
LN,34.83384070062978,19.565079391854773,-0.6767263652979878,-1.1597831040314261
LO,35.647059485400774,18.72991332964656,0.13649241947300794,0.5402525660640976
LP,35.88952595229094,18.250178350455414,0.3789588863631721,-0.23454235896232234
LQ,31.99642634865185,13.316907091483294,-3.514140717275918,-1.9918192244759787
LR,34.86026174338472,19.73272190695368,-0.6503053225430477,-1.5009348602129862
LS,41.857219366264765,21.808610050887218,6.346652300336999,0.11974438552054067
LT,35.0708686221188,19.56315337279652,-0.4396984438089646,-0.8311546567424699
LU,33.44493134196272,17.698286539648386,-2.0656357239650447,0.35794369863749154
LV,32.43935534867381,16.047419303773314,-3.0712117172539593,-0.5451453124240402
LW,33.25138950755888,14.522706869488223,-2.259177558368883,-0.9473049338561168
LX,39.65391125014684,14.181174301659176,4.143344184219075,-0.9752288103455413
LY,37.71494448281358,16.785703042237163,2.204377416885812,1.0801609171161743
LZ,40.69525207250803,15.89016698284027,5.184685006580267,-1.5776763121800954
M?,56.74744689250345,25.11922374643442,21.23687982657568,0.3454811349053273
MM,33.59790397424161,14.285424923403209,-1.9126630916861558,-4.87820765707734
MN,37.13597797136113,18.996301276413757,1.6254109054333625,-0.4376801595126878
MO,37.89203181020452,17.862235113888794,2.381464744276755,1.2051905646552328
MP,36.4207510646535,16.76368388580431,0.910183998725735,-1.2833515728123714
MQ,33.22445880872847,11.852625567028896,-2.2861082571992952,-2.343821090611968
MR,37.371392369821336,19.141738120199488,1.86082530389357,-0.5698385599889804
MS,43.1417520976786,21.118940234544237,7.631185031750832,-0.17575720927823824
MT,36.4553732233841,18.40971082352348,0.944806157456334,-1.0266843816897833
MU,35.158460772549724,15.891079013417773,-0.3521062933780428,0.4914388030118815
MV,31.940009455031543,12.369483747957295,-3.5705576108962234,-2.6245255322789163
MW,33.75797347840871,12.887690352595822,-1.7525935875190584,-2.0207552892189042
MX,41.03406407410786,13.794948171136571,5.523497008180094,-1.175110312597134
MY,37.93466939021797,14.577985532717946,2.424102324290203,-0.28014850169204664
MZ,41.544913827820864,15.572864038276732,6.034346761893097,-2.308048883079877
N?,57.86199851769567,25.148805776364814,22.3514314517679,2.3624862605426813
NN,31.21429782843233,16.839555492647793,-4.296269237495437,-5.456906801996354
NO,36.42387754979578,19.254570717970534,0.9133104838680168,0.6394898046916282
NP,35.81696008919028,18.084265669062106,0.3063930232625154,-0.9846890478304573
NQ,32.86434751764065,13.936617657530132,-2.646219548287114,-1.8014788812546527
NR,36.19832516611296,20.588700487513602,0.6877581001851922,-0.8404522632522244
NS,42.72345554299961,22.22338903461525,7.212888477071843,0.30839973648790675
NT,36.38382723571213,20.435853104703035,0.8732601697843663,-0.19577686891661727
NU,33.909179964864784,17.981222192166527,-1.6013871010629828,0.14461149577207522
NV,32.178017621481715,15.62229335778136,-3.3325494444460517,-1.484063865383611
NW,34.02139670065342,15.119645381689736,-1.4891703652743473,-0.8548785665290595
NX,39.99595220524738,14.59746721123822,4.485385139319611,-1.3107686810124832
NY,36.851475721508,15.613213277667025,1.340908655580236,-0.46088866995687994
NZ,41.67088238648604,16.507431848551228,6.160315320558276,-1.279626823969565
O?,55.03480279420283,25.118860862393195,19.524235728275066,0.42210742237437415
OO,30.927545432553092,15.084432423390604,-4.583021633374674,-3.9700254272265347
OP,37.11892227733781,17.67642422050052,1.6083552114100428,1.204090025641598
OQ,33.365521031629086,12.664696954588361,-2.14504603429868,-0.4134884819416911
OR,36.837122133192,19.760863972686437,1.3265550672642306,0.6851615891513418
OS,42.00128368206696,21.015174004963377,6.490716616139196,0.4730447608797874
OT,36.320038306224546,19.19097293590859,0.8094712402967801,0.6272510869203245
OU,32.42694850780508,16.269122944718585,-3.083618558122687,-0.4508030759631012
OV,33.62680487124981,15.356196313318096,-1.8837621946779564,0.8515402697090124
OW,34.87072398606776,14.131683493114597,-0.6398430798600074,0.8812656042098084
OX,41.699578256186655,13.685559878609622,6.1890111902588885,1.2796742552513223
OY,36.63525474172594,14.53985903051241,1.124687675798171,0.2097072355855829
OZ,43.96695186742779,15.678018198646738,8.456384801500022,1.9032595422967091
P?,55.085798783919486,24.92708899068672,19.57523171799172,-0.544157979825556
PP,33.61860152921263,15.567128293644949,-1.8919655367151336,-3.3134921144001623
PQ,33.25542646777586,12.115082788470053,-2.255140598151904,-1.540844437711499
PR,37.29025958397799,19.383818229125815,1.7796925180502257,0.1210376480207529
PS,42.86141674717356,20.982338426551877,7.350849681245791,0.3159164340697984
PT,36.19260005701443,18.378094046851615,0.6820329910866647,-0.5174485542063749
PU,34.29046068975765,15.556482077285466,-1.220106376170115,0.3954477140728869
PV,31.502970930013916,12.422141473098222,-4.00759613591385,-2.2895550634434656
PW,33.71357140499686,12.828444531352737,-1.7969956609309037,-1.293148368777672
PX,40.842000078372976,14.3622807818119,5.33143301244521,-0.5951653144789404
PY,38.2295067093262,14.796622562055914,2.7189396433984356,0.7866978112692635
PZ,41.471702834721334,14.45822011743593,5.961135768793568,-1.6092508823263287
Q?,47.344989123679305,19.650352064715676,11.834422057751539,-6.1491449019403035
QR,32.93498280513558,14.26178056179319,-2.5755842607921835,-2.0984163926962225
QS,37.373841786132566,15.344648519142357,1.8632747202047995,-3.035835788845759
QT,33.80836852633919,14.504673247014754,-1.7021985395885793,-0.7658573467561851
QU,40.84089125125979,17.431033280588835,5.3303241853320245,9.08170101370046
QV,31.423750921567514,11.401737134840818,-4.086816144360252,-0.23295233376443392
QW,32.93191883819137,10.764435430405237,-2.5786482277363945,0.061021802542271075
QX,38.645769732410315,12.218816331275042,3.1352026664825488,-0.6555729223161677
QY,35.57119799387633,12.138812151735943,0.06063092794856573,0.2642118339448274
QZ,39.77656157734795,13.71167556862797,4.265994511420182,-1.1685694015742811
R?,58.55789637782829,25.585337895721658,23.047329311900526,2.6908113217388063
RR,31.315229660233356,17.270912036757572,-4.19533740569441,-6.091120568068327
RS,43.709372238623985,22.902992728881884,8.198805172696218,0.9267436331757821
RT,36.977079422309274,20.939138791585872,1.4665123563815072,0.02990251874402361
RU,34.15047020415881,18.31221166682462,-1.3600968617689588,0.01832893612959907
RV,33.474562825818964,17.24637693600936,-2.0360042401088023,-0.5550914599828616
RW,34.60918514311216,16.131381676210868,-0.9013819228156095,-0.6346629230068217
RX,39.67889661431743,14.390198193085805,4.168329548389664,-1.99539707087893
RY,37.28892323106297,16.17653121228155,1.7783561651352002,-0.3910139593384159
RZ,41.76471687473772,16.404886484039594,6.254149808809956,-1.5533651346543849
S?,64.94763750982882,24.94135006473077,29.437070443901057,3.7042740765928173
SS,40.953491711163544,21.31226040065396,5.442924645235777,-7.205415271431178
ST,43.40389643297761,22.383158477864423,7.893329367049844,1.0804411522658413
SU,39.6709313619176,19.86880458480312,4.160364295989837,0.16251171674187503
SV,37.487065047521845,17.542994996124637,1.976497981594079,-1.9188676154264996
SW,38.947783849423196,17.251914551669586,3.4372167834954297,-1.672342593842302
SX,42.91246234600191,15.84553013604251,7.401895280074143,-4.138109716340971
SY,40.68852745042954,17.127335034441085,5.177960384501773,-2.3676881171183624
SZ,45.4082121920123,17.660588787745052,9.897645126084534,-3.2861481945263264
T?,57.30836505578169,25.075775526781563,21.797797989853926,1.9004533244286392
TT,31.655256397005626,17.13093694074572,-3.85531066892214,-4.832747181823191
TU,34.0292389576936,18.103712351362756,-1.481328108234166,0.356271014400825
TV,32.18667815235162,15.623391864703256,-3.3238889135761482,-1.3838028087137744
TW,33.51448505351309,14.594322515241318,-1.996082012414675,-1.270189687869454
TX,40.28300028942103,14.997495198072462,4.772433223493266,-0.932120071038895
TY,36.81105736344702,15.7616906692864,1.3004902975192536,-0.40970650221792937
TZ,41.39828081146211,15.962922837503932,5.887713745534342,-1.460627873193566
U?,50.99480138342053,24.422675697546957,15.484234317492763,-1.5980747123964818
UU,27.027094984215005,11.608581069910016,-8.483472081712762,-3.8308373235417292
UV,31.07379084204577,13.409452662113537,-4.436776223881996,0.31834551651641974
UW,31.689496091076236,11.564790331271428,-3.82107097485153,-0.2801430147702675
UX,39.76036110119273,12.869725992487647,4.249794035264962,1.3602763762688426
UY,34.5121946978365,12.97288937884312,-0.9983723680912675,0.10646646770759105
UZ,40.31016172210202,13.901375448363673,4.799594656174257,0.266288672982391
V?,48.4184811133874,23.17371618281116,12.907914047459634,-4.071908000202228
VV,28.25671891327064,10.919999336868194,-7.2538481526571275,-2.396239430031329
VW,31.662284208895088,11.39791388268369,-3.848282857032679,-0.20486791472403354
VX,38.31727246687069,12.241196344576927,2.806705400942924,0.019674724174187475
VY,34.57988967563756,12.337254751352154,-0.9306773902902066,0.2766484277360348
VZ,38.31774865073246,13.14477528934016,2.8071815848046953,-1.623637416159788
W?,48.8851533392229,22.530769004961343,13.374586273295137,-4.819429554683879
WW,30.294979021751132,10.356962284921973,-5.215588044176634,-2.786366882185142
WX,38.7842714812143,11.944282791957836,3.273704415286531,-0.7275200417993588
WY,36.67895704543109,12.466794385527418,1.1683899795033241,1.1615220172124125
WZ,40.40509172224091,13.07849269431411,4.894524656313145,-0.7504881249684914
X?,53.285885122292015,20.382687653481934,17.77531805636425,-6.849143390692149
XY,41.6597495763924,12.751016233416543,6.149182510464634,-0.28813107090365975
XZ,42.886578707916286,13.231366239316387,7.376011641988519,-4.699446758370499
Y?,53.25395598483771,23.28966353608507,17.743388918909943,-2.886716033351476
YY,32.401815133822765,10.24618909049551,-3.108751932105001,-5.5517090186783165
YZ,43.53141750875662,13.73943805518797,8.020850442828852,-0.060251462735188
Z?,58.3895308438634,22.63621969298419,22.87896377793563,-3.3892859933165127
